Link Name,Center of Mass X,Center of Mass Y,Center of Mass Z,Center of Mass Roll,Center of Mass Pitch,Center of Mass Yaw,Mass,Moment Ixx,Moment Ixy,Moment Ixz,Moment Iyy,Moment Iyz,Moment Izz,Visual X,Visual Y,Visual Z,Visual Roll,Visual Pitch,Visual Yaw,Mesh Filename,Color Red,Color Green,Color Blue,Color Alpha,Collision X,Collision Y,Collision Z,Collision Roll,Collision Pitch,Collision Yaw,Collision Mesh Filename,Material Name,SW Components,Coordinate System,Axis Name,Joint Name,Joint Type,Joint Origin X,Joint Origin Y,Joint Origin Z,Joint Origin Roll,Joint Origin Pitch,Joint Origin Yaw,Parent,Joint Axis X,Joint Axis Y,Joint Axis Z,Limit Effort,Limit Velocity,Limit Lower,Limit Upper,Calibration rising,Calibration falling,Dynamics Damping,Dynamics Friction,Safety Soft Upper,Safety Soft Lower,Safety K Position,Safety K Velocity
base_link,0.00416583214490639,0.00334298647366014,0.0223458386073551,0,0,0,0.497237047742587,0.00242007739262166,-5.04911668703256E-05,-2.20582761355493E-05,0.00191108488366341,3.13922136203839E-05,0.00237712248678461,0,0,0,0,0,0,package://urdf_model2/meshes/base_link.STL,1,1,1,1,0,0,0,0,0,0,package://urdf_model2/meshes/base_link.STL,,第一层设计图-1;Arduino-Mega2560-1;37mm电机偏心-2;电机支架-3;铜柱12-2;铜柱12-1;37mm电机偏心-1;电机支架-1;联轴器-1;L298N-1;联轴器-2;铜柱12-4;铜柱12-3;分压板-1;铜柱13-10;铜柱13-7;raspberrypi-4b_v001-1;铜柱13-12;铜柱13-11;铜柱13-13;铜柱13-6;第二层设计图-2;铜柱14-1;铜柱14-2;铜柱14-4;铜柱14-3,坐标系1,,,,0,0,0,0,0,0,,0,0,0,,,,,,,,,,,,
right_back_Link,8.01009954104983E-19,0.0163136700350873,1.38777878078145E-17,0,0,0,0.051613375509701,2.56908774007063E-05,-4.11315298977877E-22,-4.19191344921327E-21,4.02847693747286E-05,6.95741622935505E-21,2.56908774007063E-05,0,0,0,0,0,0,package://urdf_model2/meshes/right_back_Link.STL,1,1,1,1,0,0,0,0,0,0,package://urdf_model2/meshes/right_back_Link.STL,,65mm车轮-1,坐标系2,基准轴1,right_back_Joint,continuous,2.5042E-05,-0.13429,-0.035879,0,0,0,base_link,0,1,0,,,,,,,,,,,,
left_back_Link,1.49306791227925E-17,-0.0163136700350873,0,0,0,0,0.051613375509701,2.56908774007063E-05,-6.47543362775456E-21,1.75876854363387E-21,4.02847693747286E-05,-5.23630323142531E-22,2.56908774007063E-05,0,0,0,0,0,0,package://urdf_model2/meshes/left_back_Link.STL,1,1,1,1,0,0,0,0,0,0,package://urdf_model2/meshes/left_back_Link.STL,,65mm车轮-2,坐标系3,基准轴2,left_back_Link,continuous,2.5042E-05,0.13548,-0.035879,0,0,0,base_link,0,-1,0,,,,,,,,,,,,
front_Link,1.38777878078145E-17,-7.43210141389101E-19,0.00483772824568677,0,0,0,0.00917157149725227,7.85302309096545E-07,1.41004767578906E-23,-1.06421004245823E-22,5.86870736858524E-07,2.45652027002629E-23,1.04386382786075E-06,0,0,0,0,0,0,package://urdf_model2/meshes/front_Link.STL,1,1,1,1,0,0,0,0,0,0,package://urdf_model2/meshes/front_Link.STL,,牛眼轮装配体-5/牛眼轮2-1;牛眼轮装配体-5/牛眼轮1-1,坐标系5,,front_Joint,fixed,0.08904,0.0005946,-0.06138,0,0,0,base_link,0,0,0,,,,,,,,,,,,
back_Link,-1.38777878078145E-17,7.54483844766988E-19,0.00483772824568677,0,0,0,0.00917157149725227,7.85302309096545E-07,9.56059249342909E-24,1.07228797812769E-22,5.86870736858523E-07,-2.75940783536062E-23,1.04386382786075E-06,0,0,0,0,0,0,package://urdf_model2/meshes/back_Link.STL,1,1,1,1,0,0,0,0,0,0,package://urdf_model2/meshes/back_Link.STL,,牛眼轮装配体-4/牛眼轮1-1;牛眼轮装配体-4/牛眼轮2-1,坐标系6,,back_Joint,fixed,-0.08899,0.0005946,-0.06138,0,0,0,base_link,0,0,0,,,,,,,,,,,,
lidar_Link,0.0047653512142667,-7.15299029481579E-18,-0.0266646350931545,0,0,0,0.222049626794912,0.000111883049646601,2.88697365741403E-21,1.14462961585253E-05,0.00015129492917208,-3.71706446829591E-22,0.000171930315958033,0,0,0,0,0,0,package://urdf_model2/meshes/lidar_Link.STL,1,0.501960784313725,1,1,0,0,0,0,0,0,package://urdf_model2/meshes/lidar_Link.STL,,rplidar-1,坐标系4,Axis_lidar_Joint,lidar_Joint,fixed,-0.008475,0.0005946,0.1766,0,0,0,base_link,0,0,1,,,,,,,,,,,,
